"Timestamp","Tanggal","AD ACCOUNT","AD PLATFORM","OBJECTVE","GOAL","PLATFORM DONASI","PROGRAM","SPENDING","CONVERSION VALUE","RESULT","CPR","REACH","IMPRESSION","LINK CLICK","CONTEN VIEWS","ATC","LEADS","PURCHASE","ADDS OF PAYMENT INFO","SUCCESS","WAITING","DONATE","Initiate Checkout","Column 24","DONATE 2"
"7/29/2025 9:49:42","7/1/2025","","FACEBOOK, INSTAGRAM","CONVERSION","Web Donation","","Palestine ER","550471","450000","5","110094","12258","13891","56","43","8","7","5","","","","","","",""
"7/29/2025 9:59:11","7/2/2025","","FACEBOOK, INSTAGRAM","CONVERSION","Web Donation","","Palestine ER","500676","200000","2","250338","13768","16378","56","29","5","3","2","","","","","","",""
"7/29/2025 10:13:57","7/3/2025","","FACEBOOK, INSTAGRAM","CONVERSION","Web Donation","","Palestine ER","324346","200000","2","162173","5028","16284","67","40","9","4","2","","","","","","",""
"7/29/2025 13:20:29","7/4/2025","","FACEBOOK, INSTAGRAM","CONVERSION","Web Donation","","Palestine ER","735347","400000","4","183836","17822","20574","94","66","7","5","4","","","","","","",""
"7/29/2025 13:28:34","7/5/2025","","FACEBOOK, INSTAGRAM","CONVERSION","Web Donation","","Palestine ER","190701","100000","1","190701","3397","3476","9","11","3","3","1","","","","","","",""
"7/29/2025 13:32:54","7/6/2025","","FACEBOOK, INSTAGRAM","CONVERSION","Web Donation","","Palestine ER","286718","300000","3","95572","5305","5855","21","23","4","4","3","","","","","","",""
"7/29/2025 13:52:35","7/9/2025","","FACEBOOK, INSTAGRAM","CONVERSION","Web Donation","","Palestine ER","7292","","","","","","","","","","","","","","","","",""
"7/29/2025 13:58:48","7/10/2025","","FACEBOOK, INSTAGRAM","CONVERSION","Web Donation","","Palestine ER","114397","","","","232","492","7","6","","","","","","","","","",""
"7/29/2025 14:03:45","7/20/2025","","FACEBOOK, INSTAGRAM","CONVERSION","Web Donation","","Palestine ER","162985","1000000","3","54328","2800","3397","30","26","3","3","2","","","","","","",""
"7/29/2025 14:08:33","7/21/2025","","FACEBOOK, INSTAGRAM","CONVERSION","Web Donation","","Palestine ER","128996","300000","4","32249","428","472","6","7","4","4","3","","","","","","",""
"7/29/2025 14:11:47","7/22/2025","","FACEBOOK, INSTAGRAM","CONVERSION","Web Donation","","Palestine ER","56013","","","","674","860","17","19","","","","","","","","","",""
"7/29/2025 14:16:24","7/23/2025","","FACEBOOK, INSTAGRAM","CONVERSION","Web Donation","","Palestine ER","162589","150000","4","40647","1801","2093","25","33","6","3","2","","","","","","",""
"7/29/2025 14:20:02","7/24/2025","","FACEBOOK, INSTAGRAM","CONVERSION","Web Donation","","Palestine ER","210717","100000","2","105358","3880","4883","28","40","6","4","2","","","","","","",""
"7/29/2025 14:23:45","7/25/2025","","FACEBOOK, INSTAGRAM","CONVERSION","Web Donation","","Palestine ER","244777","100000","1","244777","7041","9170","59","63","10","7","1","","","","","","",""
"7/29/2025 14:43:22","7/26/2025","","FACEBOOK, INSTAGRAM","CONVERSION","Web Donation","","Palestine ER","207671","50000","1","207671","7073","8831","40","41","8","4","1","","","","","","",""
"7/29/2025 14:48:07","7/7/2025","","FACEBOOK, INSTAGRAM","CONVERSION","Web Donation","","RS Abu Yusuf ","17056","","","","476","476","","","","","","","","","","","",""
"7/29/2025 14:50:15","7/8/2025","","FACEBOOK, INSTAGRAM","CONVERSION","Web Donation","","Rs Abu Yusuf ","8","","","","","","","","","","","","","","","","",""
"7/29/2025 14:55:27","7/9/2025","","FACEBOOK, INSTAGRAM","CONVERSION","Web Donation","","Rs Abu Yusuf","228859","","","","16063","18630","30","19","2","","","","","","","","",""
"7/29/2025 14:59:55","7/10/2025","","FACEBOOK, INSTAGRAM","CONVERSION","Web Donation","","Rs Abu Yusuf","240349","100000","1","240349","27602","31751","42","28","1","1","1","","","","","","",""
"7/29/2025 15:04:38","7/11/2025","","FACEBOOK, INSTAGRAM","CONVERSION","Web Donation","","Rs Abu Yusuf","201175","50000","1","201175","13766","17964","53","37","1","1","1","","","","","","",""
"7/29/2025 15:08:08","7/12/2025","","FACEBOOK, INSTAGRAM","CONVERSION","Web Donation","","Rs Abu Yusuf","175798","","","","10270","12453","32","22","4","2","","","","","","","",""
"7/29/2025 15:13:20","7/15/2025","","FACEBOOK, INSTAGRAM","CONVERSION","Web Donation","","Rs Abu Yusuf","114047","","","","5205","5358","13","7","","","","","","","","","",""
"7/29/2025 15:17:30","7/16/2025","","FACEBOOK, INSTAGRAM","CONVERSION","Web Donation","","Rs Abu Yusuf","98437","","","","2656","3003","17","13","","","","","","","","","",""
"7/29/2025 15:19:56","7/17/2025","","FACEBOOK, INSTAGRAM","CONVERSION","Web Donation","","Rs Abu Yusuf","5241","","","","127","133","","7","1","","","","","","","","",""
"7/29/2025 15:25:12","7/24/2025","","FACEBOOK, INSTAGRAM","CONVERSION","Web Donation","","SEDEKAH SHUBUH","37113","","","","1168","1266","5","7","","","","","","","","","",""
"7/30/2025 8:17:35","7/1/2025","","FACEBOOK, INSTAGRAM","BRAND ENGAGEMENT","Fb Post, IG Post","","ENGAGEMENT KONTEN SOSMED","88120","","3768","26","13432","14364","27","","","","","","","","","","",""
"7/30/2025 8:21:48","7/2/2025","","FACEBOOK, INSTAGRAM","BRAND ENGAGEMENT","IG Post","","ENGAGEMENT KONTEN SOSMED","40118","","2268","16","7927","8352","9","","","","","","","","","","",""
"7/30/2025 8:25:24","7/3/2025","","INSTAGRAM","BRAND ENGAGEMENT","IG Post","","ENGAGEMENT KONTEN SOSMED","42884","","2393","16","7898","8336","7","","","","","","","","","","",""
"7/30/2025 8:31:26","7/4/2025","","INSTAGRAM","BRAND ENGAGEMENT","IG Post","","ENGAGEMENT KONTEN SOSMED","43439","","2326","17","7966","8374","4","","","","","","","","","","",""
"7/30/2025 8:44:19","7/5/2025","","INSTAGRAM","BRAND ENGAGEMENT","IG Post","","ENGAGEMENT KONTEN SOSMED","40438","","2141","17","7945","7945","6","","","","","","","","","","",""
"7/30/2025 8:46:31","7/6/2025","","INSTAGRAM","BRAND ENGAGEMENT","IG Post","","ENGAGEMENT KONTEN SOSMED","39948","","1893","19","7100","7299","2","","","","","","","","","","",""
"7/30/2025 8:51:23","7/7/2025","","INSTAGRAM","BRAND ENGAGEMENT","IG Post","","ENGAGEMENT KONTEN SOSMED","40124","","1922","19","7016","7249","4","","","","","","","","","","",""
"7/30/2025 8:55:23","7/8/2025","","INSTAGRAM","BRAND ENGAGEMENT","IG Post","","ENGAGEMENT KONTEN SOSMED","39967","","1944","18","7075","7362","2","","","","","","","","","","",""
"7/30/2025 8:57:59","7/9/2025","","INSTAGRAM","BRAND ENGAGEMENT","IG Post","","ENGAGEMENT KONTEN SOSMED","37633","","2019","17","7749","7906","2","","","","","","","","","","",""
"7/30/2025 9:00:34","7/10/2025","","INSTAGRAM","BRAND ENGAGEMENT","IG Post","","ENGAGEMENT KONTEN SOSMED","4667","","252","","","","","","","","","","","","","","",""
"7/30/2025 9:05:58","7/25/2025","","FACEBOOK","BRAND ENGAGEMENT","Fb Post","","ENGAGEMENT KONTEN SOSMED","20544","","789","23","41681","46136","16","","","","","","","","","","",""
"7/30/2025 9:08:43","7/26/2025","","FACEBOOK","BRAND ENGAGEMENT","Fb Post","","ENGAGEMENT KONTEN SOSMED","798","","47","15","3269","3746","","","","","","","","","","","",""
"7/30/2025 9:16:38","7/18/2025","","FACEBOOK","BRAND AWARENESS","Fb Page Like","","AWARENESS KONTEN SOSMED","125914","","167","673","9376","102227","3","","","","","","","","","","",""
"7/30/2025 9:26:51","7/19/2025","","FACEBOOK","BRAND AWARENESS","Fb Page Like","","AWARENESS KONTEN SOSMED","189696","","229","740","20108","24423","4","","","","","","","","","","",""
"7/30/2025 9:30:55","7/20/2025","","FACEBOOK","BRAND AWARENESS","Fb Page Like","","AWARENESS  KONTEN SOSMED","242486","","379","571","37182","44090","2","","","","","","","","","","",""
"7/30/2025 9:34:16","7/21/2025","","FACEBOOK","BRAND AWARENESS","Fb Page Like","","AWARENESS  KONTEN SOSMED","32378","","57","507","6189","6372","","","","","","","","","","","",""
"7/30/2025 9:40:24","7/22/2025","","FACEBOOK","BRAND AWARENESS","Fb Page Like","","AWARENESS  KONTEN SOSMED","138642","","208","595","20681","21445","4","","","","","","","","","","",""
"7/30/2025 9:43:12","7/23/2025","","FACEBOOK","BRAND AWARENESS","Fb Page Like","","AWARENESS  KONTEN SOSMED","348096","","542","573","51578","56813","9","","","","","","","","","","",""
"7/30/2025 9:45:18","7/24/2025","","FACEBOOK","BRAND AWARENESS","Fb Page Like","","AWARENESS  KONTEN SOSMED","292387","","432","604","46874","54934","10","","","","","","","","","","",""
"7/30/2025 9:49:31","7/25/2025","","FACEBOOK","BRAND AWARENESS","Fb Page Like","","AWARENESS  KONTEN SOSMED","198176","","313","565","33297","35120","5","","","","","","","","","","",""
"7/30/2025 14:50:40","7/29/2025","","FACEBOOK, INSTAGRAM","CONVERSION","Web Donation","","MUKENA LANSIA","703759","550000","7","100537","31197","38630","197","139","21","9","6","","","","","","",""
"7/31/2025 11:19:28","7/30/2025","Sodaraku","FACEBOOK, INSTAGRAM","CONVERSION","Web Donation","","MUKENA LANSIA","325575","150000","4","81393","11250","12806","58","58","5","3","3","","","","","","",""
"8/1/2025 11:16:37","7/31/2025","Sodaraku","FACEBOOK, INSTAGRAM","CONVERSION","Web Donation","","MUKENA LANSIA","521371","1680000","18","28965","34305","39549","206","171","28","17","18","","","","","","",""
"8/12/2025 12:36:09","8/1/2025","Sodaraku","FACEBOOK","CONVERSION","Web Donation","","MUKENA LANSIA","557285","500000","8","69660","35097","39840","246","212","33","12","8","","","","","","",""
"8/12/2025 12:41:06","8/2/2025","Sodaraku","FACEBOOK, INSTAGRAM","CONVERSION","Web Donation","","MUKENA LANSIA","419650","100000","2","209825","27842","30747","165","143","22","6","2","","","","","","",""
"8/12/2025 13:10:45","8/3/2025","Sodaraku","FACEBOOK, INSTAGRAM","CONVERSION","Web Donation","","MUKENA LANSIA","507833","557000","6","84638","48213","51678","181","159","15","8","6","","","","","","",""
"8/12/2025 13:20:15","8/4/2025","Sodaraku","FACEBOOK, INSTAGRAM","CONVERSION","Web Donation","","MUKENA LANSIA","466103","450000","5","93220","36608","40025","120","132","17","7","4","","","","","","",""
"8/12/2025 13:45:34","8/5/2025","Sodaraku","FACEBOOK, INSTAGRAM","CONVERSION","Web Donation","","MUKENA LANSIA","57611","","","","3713","3901","18","12","1","","","","","","","","",""
"8/12/2025 13:51:22","8/8/2025","Sodaraku","FACEBOOK, INSTAGRAM","CONVERSION","Web Donation","","MUKENA LANSIA","","300000","","","","","","","","","","","","","","","",""
"8/19/2025 10:56:15","8/8/2025","Sodaraku","FACEBOOK, INSTAGRAM","CONVERSION","Web Donation","","PANGAN LANSIA","405848","935000","8","50731","11960","13946","114","104","","15","7","","","","","","",""
"8/19/2025 11:33:36","8/9/2025","Sodaraku","FACEBOOK, INSTAGRAM","CONVERSION","Web Donation","","PANGAN LANSIA","695502","420000","7","99357","37634","43542","193","148","","7","6","","","","","","",""
"8/19/2025 11:38:33","8/11/2025","Sodaraku","FACEBOOK, INSTAGRAM","CONVERSION","Web Donation","","PANGAN LANSIA","79833","70000","2","39916","3076","3134","9","9","","2","2","","","","","","",""
"2/21/2026 11:28:12","1/19/2026","","META","CONVERSION","Web Donation","hbi-berbagi.com","Bantu Regita Sekolah Kembali: Perjuangan Anak Nelayan Melawan Tumor Ganas","296584","675977","11","26962","10669","12135","155","124","21","","11","","9","2","","","",""
"2/21/2026 11:35:37","1/20/2026","","META","CONVERSION","Web Donation","hbi-berbagi.com","Bantu Regita Sekolah Kembali: Perjuangan Anak Nelayan Melawan Tumor Ganas ","209081","187202","4","52270","4665","5358","55","52","8","","4","","4","","","","",""
"2/21/2026 11:43:43","1/21/2026","","META","CONVERSION","Web Donation","hbi-berbagi.com","Bantu Regita Sekolah Kembali: Perjuangan Anak Nelayan Melawan Tumor Ganas ","213466","242084","7","30495","4425","5147","46","44","7","","7","","5","2","","","",""
"2/21/2026 11:49:49","1/22/2026","","META","CONVERSION","Web Donation","hbi-berbagi.com","Bantu Regita Sekolah Kembali: Perjuangan Anak Nelayan Melawan Tumor Ganas ","543700","504828","10","54370","6822","8399","74","71","21","","10","","7","3","","","",""
"2/21/2026 11:56:28","1/23/2026","","META","CONVERSION","Web Donation","hbi-berbagi.com","Bantu Regita Sekolah Kembali: Perjuangan Anak Nelayan Melawan Tumor Ganas ","318339","186020","3","106113","7056","8325","54","45","6","","3","","3","","","","",""
"2/21/2026 12:09:32","1/24/2026","","META","CONVERSION","Web Donation","hbi-berbagi.com","Bantu Regita Sekolah Kembali: Perjuangan Anak Nelayan Melawan Tumor Ganas","290809","527385","5","58161","4085","4719","50","50","7","","5","","5","","","","",""
"2/23/2026 10:34:10","1/9/2026","","META","CONVERSION","Web Donation","sodaraku.org","Singkong Jadi Harapan Terakhir Untuk Mewujudkan Madrasah Layak","245764","","","","26404","30131","425","148","3","","","","","","","","",""
"2/23/2026 10:40:48","1/10/2026","Sodaraku","META","CONVERSION","Web Donation","sodaraku.org","Singkong Jadi Harapan Terakhir Untuk Mewujudkan Madrasah Layak","98987","100000","1","98987","27092","30864","156","57","7","7","1","2","1","","","","",""
"2/23/2026 10:47:08","1/11/2026","","META","CONVERSION","Web Donation","sodaraku.org","Singkong Jadi Harapan Terakhir Untuk Mewujudkan Madrasah Layak","681684","525000","10","68168","17656","21457","171","126","13","10","10","8","10","","","","",""
"2/23/2026 10:59:11","1/12/2026","","META","CONVERSION","Web Donation","sodaraku.org","Singkong Jadi Harapan Terakhir Untuk Mewujudkan Madrasah Layak","508484","635000","6","84747","16543","19557","113","68","7","6","6","6","6","","","","",""
"2/23/2026 11:03:44","1/13/2026","","META","CONVERSION","Web Donation","sodaraku.org","Singkong Jadi Harapan Terakhir Untuk Mewujudkan Madrasah Layak","586687","370000","7","83812","53488","60063","298","133","11","10","7","10","7","","","","",""
"2/23/2026 11:08:58","1/14/2026","","META","CONVERSION","Web Donation","sodaraku.org","Singkong Jadi Harapan Terakhir Untuk Mewujudkan Madrasah Layak","678397","635000","8","84799","74453","86680","326","132","11","12","8","9","8","","","","",""
"2/23/2026 11:12:54","1/15/2026","","META","CONVERSION","Web Donation","sodaraku.org","Singkong Jadi Harapan Terakhir Untuk Mewujudkan Madrasah Layak","454506","350000","5","90901","73883","82842","329","145","9","5","5","5","5","","","","",""
"2/23/2026 11:16:30","1/16/2026","","META","CONVERSION","Web Donation","sodaraku.org","Singkong Jadi Harapan Terakhir Untuk Mewujudkan Madrasah Layak","586430","670000","10","58643","46769","51425","207","82","16","12","10","12","10","","","","",""
"2/23/2026 11:20:32","1/17/2026","","META","CONVERSION","Web Donation","sodaraku.org","Singkong Jadi Harapan Terakhir Untuk Mewujudkan Madrasah Layak","377636","150000","3","125878","33521","36463","167","63","6","6","3","6","3","","","","",""
"2/23/2026 11:25:16","1/18/2026","","META","CONVERSION","Web Donation","sodaraku.org","Singkong Jadi Harapan Terakhir Untuk Mewujudkan Madrasah Layak","183580","185000","3","61193","27730","29185","118","41","3","3","3","3","3","","","","",""
"2/23/2026 11:29:48","1/19/2026","","META","CONVERSION","Web Donation","sodaraku.org","Singkong Jadi Harapan Terakhir Untuk Mewujudkan Madrasah Layak","156597","185000","1","52199","8933","9141","40","21","1","1","1","1","1","","","","",""
"2/23/2026 11:35:43","1/23/2026","","META","CONVERSION","Web Donation","sodaraku.org","Singkong Jadi Harapan Terakhir Untuk Mewujudkan Madrasah Layak","","250000","1","","","","","","","","1","","1","","","","",""
"2/23/2026 11:55:28","1/29/2026","Sodaraku.org","META","CONVERSION","Web Donation","sodaraku.org","Ibu Komariah Mengajar Ngaji, Hidupnya Bergantung Pada Kebun Singkong","378209","170000","4","94552","4671","5320","70","68","6","5","4","4","4","","","","",""
"2/23/2026 12:00:46","1/30/2026","Sodaraku.org","META","CONVERSION","Web Donation","sodaraku.org","Ibu Komariah Mengajar Ngaji, Hidupnya Bergantung Pada Kebun Singkong","286179","","","","9386","10008","68","65","5","5","","4","","","","","",""
"2/23/2026 13:06:18","1/31/2026","Sodaraku.org","META","CONVERSION","Web Donation","sodaraku.org","Ibu Komariah Mengajar Ngaji, Hidupnya Bergantung Pada Kebun Singkong","45599","","","","","","","","","","","","","","","","",""
"2/23/2026 13:13:04","2/1/2026","Sodaraku.org","META","CONVERSION","Web Donation","sodaraku.org","Ibu Komariah Mengajar Ngaji, Hidupnya Bergantung Pada Kebun Singkong","250050","50000","1","250050","4178","4707","25","22","1","1","1","1","1","","","","",""
"2/23/2026 13:19:25","2/2/2026","Sodaraku.org","META","CONVERSION","Web Donation","sodaraku.org","Ibu Komariah Mengajar Ngaji, Hidupnya Bergantung Pada Kebun Singkong","60384","","","","489","503","2","2","1","","","","","","","","",""
"2/23/2026 13:40:21","2/12/2026","Khusus Campaign Jariyah","META","CONVERSION","Web Donation","hbi-berbagi.com","Darurat pangan : Warga Palestina Jalani hari dengan Perut Kosong","333233","50986","1","50986","6116","6911","25","19","3","","1","","1","","","","",""
"2/23/2026 13:58:47","2/13/2026","Khusus Campaign Jariyah","META","CONVERSION","Web Donation","hbi-berbagi.com","Darurat pangan : Warga Palestina Jalani hari dengan Perut Kosong","259028","301383","3","86342","10922","13288","26","26","4","","3","","3","","","","",""
"2/23/2026 14:01:41","2/14/2026","Khusus Campaign Jariyah","META","CONVERSION","Web Donation","hbi-berbagi.com","Darurat pangan : Warga Palestina Jalani hari dengan Perut Kosong","247302","50834","1","50834","12661","14873","37","28","3","","1","","1","","","","",""
"2/23/2026 14:05:29","2/15/2026","Khusus Campaign Jariyah","META","CONVERSION","Web Donation","hbi-berbagi.com","Darurat pangan : Warga Palestina Jalani hari dengan Perut Kosong","417632","654381","11","37966","8162","9644","57","55","17","","11","","8","3","","","",""
"2/23/2026 14:09:20","2/16/2026","Khusus Campaign Jariyah","META","CONVERSION","Web Donation","hbi-berbagi.com","Darurat pangan : Warga Palestina Jalani hari dengan Perut Kosong","462527","653873","16","33037","11586","12968","72","72","23","","14","","8","6","","","",""
"2/23/2026 14:12:58","2/17/2026","","META","CONVERSION","Web Donation","hbi-berbagi.com","Darurat pangan : Warga Palestina Jalani hari dengan Perut Kosong","553774","505355","10","55377","93153","20666","119","104","25","","10","","8","2","","","",""
"2/23/2026 14:19:46","2/18/2026","","META","CONVERSION","Web Donation","hbi-berbagi.com","Darurat pangan : Warga Palestina Jalani hari dengan Perut Kosong","340221","501444","9","37802","14772","16643","87","73","18","","9","","4","5","","","",""
"2/23/2026 14:23:51","2/19/2026","","META","CONVERSION","Web Donation","hbi-berbagi.com","Darurat pangan : Warga Palestina Jalani hari dengan Perut Kosong","440248","302890","9","48916","15458","16378","101","101","28","","9","","5","4","","","",""
"2/23/2026 14:27:36","2/20/2026","","META","CONVERSION","Web Donation","hbi-berbagi.com","Darurat pangan : Warga Palestina Jalani hari dengan Perut Kosong","684884","1955098","27","25366","23643","26138","184","184","46","","27","","14","13","","","",""
"2/23/2026 14:33:12","2/21/2026","","META","CONVERSION","Web Donation","hbi-berbagi.com","Darurat pangan : Warga Palestina Jalani hari dengan Perut Kosong","356780","903056","13","27444","23860","25978","136","136","25","","13","","8","5","","","",""
"2/23/2026 14:36:40","2/22/2026","","META","CONVERSION","Web Donation","hbi-berbagi.com","Darurat pangan : Warga Palestina Jalani hari dengan Perut Kosong","377885","753269","9","41987","19741","212262","124","120","18","","9","","7","2","","","",""
"2/23/2026 15:20:23","2/13/2026","","META","CONVERSION","Web Donation","sodaraku.org","Wujudkan Kemandirian: Dukung Usaha Ibu Yohana, Seorang Mualaf Pejuang Keluarga","299723","","","","2330","2513","35","1","","","","","","","","","",""
"2/23/2026 15:52:08","2/14/2026","Sodaraku.org","META","CONVERSION","Web Donation","sodaraku.org","Wujudkan Kemandirian: Dukung Usaha Ibu Yohana, Seorang Mualaf Pejuang Keluarga","373481","85000","2","186740","2958","3399","25","20","2","2","2","2","2","","","","",""
"2/23/2026 16:05:17","2/17/2026","Sodaraku.org","META","CONVERSION","Web Donation","sodaraku.org","Wujudkan Kemandirian: Dukung Usaha Ibu Yohana, Seorang Mualaf Pejuang Keluarga","243658","50000","1","243658","2179","2604","45","36","5","3","1","1","1","","","","",""
"2/23/2026 16:08:03","2/18/2026","Sodaraku.org","META","CONVERSION","Web Donation","sodaraku.org","Wujudkan Kemandirian: Dukung Usaha Ibu Yohana, Seorang Mualaf Pejuang Keluarga","150844","50000","1","150844","1664","1836","18","13","3","1","1","1","1","","","","",""
"2/23/2026 16:10:07","2/19/2026","Sodaraku.org","META","CONVERSION","Web Donation","sodaraku.org","Wujudkan Kemandirian: Dukung Usaha Ibu Yohana, Seorang Mualaf Pejuang Keluarga","99001","50000","1","99001","542","568","5","3","1","1","1","1","1","","","","",""
"2/23/2026 16:12:27","2/20/2026","Sodaraku.org","META","CONVERSION","Web Donation","sodaraku.org","Wujudkan Kemandirian: Dukung Usaha Ibu Yohana, Seorang Mualaf Pejuang Keluarga","121929","50000","1","121929","296","333","9","7","1","1","1","1","1","","","","",""
"2/24/2026 9:29:58","2/23/2026","Akun 1","META","CONVERSION","Web Donation","hbi-berbagi.com","Darurat pangan : Warga Palestina Jalani hari dengan Perut Kosong","326415","738041","9","82004","12675","13490","63","63","18","","9","","8","1","","","",""
"2/26/2026 20:03:16","2/24/2026","Akun 1","META","CONVERSION","Web Donation","hbi-berbagi.com","Darurat pangan : Warga Palestina Jalani hari dengan Perut Kosong","904100","1560057","28","32289","30145","30934","202","202","58","","29","","18","10","","","",""
"2/26/2026 20:17:43","2/25/2026","Akun 1","META","CONVERSION","Web Donation","hbi-berbagi.com","Darurat pangan : Warga Palestina Jalani hari dengan Perut Kosong","1409035","1997747","39","36129","68560","73253","419","419","89","","38","","25","14","","","",""
"2/27/2026 10:37:30","2/26/2026","Akun 1","META","CONVERSION","Web Donation","hbi-berbagi.com","Darurat pangan : Warga Palestina Jalani hari dengan Perut Kosong","1531256","1911118","36","42534","69560","75812","470","464","92","","36","","19","17","","","",""
"2/28/2026 14:25:04","2/27/2026","Akun 1","META","CONVERSION","Web Donation","hbi-berbagi.com","Darurat pangan : Warga Palestina Jalani hari dengan Perut Kosong","2105734","2830965","45","46794","85617","95504","547","510","104","","44","","26","19","","","",""
"3/3/2026 10:08:08","2/28/2026","Akun 1","META","CONVERSION","Web Donation","hbi-berbagi.com","Darurat pangan : Warga Palestina Jalani hari dengan Perut Kosong","1027642","2196987","34","64617","42038","45754","316","316","70","","33","","22","12","","","",""
"3/3/2026 10:29:05","3/1/2026","Akun 1","META","CONVERSION","Web Donation","hbi-berbagi.com","Darurat pangan : Warga Palestina Jalani hari dengan Perut Kosong","1633894","2684379","53","30828","108391","125703","697","681","144","","53","","53","20","","","",""
"3/3/2026 10:36:09","3/2/2026","Akun 1","META","CONVERSION","Web Donation","hbi-berbagi.com","Darurat pangan : Warga Palestina Jalani hari dengan Perut Kosong","1236539","1596154","33","37470","99357","108183","618","618","99","","34","","20","13","","","",""
"3/4/2026 12:10:31","3/3/2026","Akun 1","META","CONVERSION","Web Donation","hbi-berbagi.com","Darurat pangan : Warga Palestina Jalani hari dengan Perut Kosong","1495697","2603414","51","29327","112574","121428","652","652","143","","51","","28","23","","","",""
"3/5/2026 13:30:34","3/4/2026","Akun 1","META","CONVERSION","Web Donation","hbi-berbagi.com","Darurat pangan : Warga Palestina Jalani hari dengan Perut Kosong","1392674","2499907","51","27307","99621","110422","575","575","126","","51","","28","23","","","",""
"3/6/2026 13:15:19","3/5/2026","Akun 1","META","CONVERSION","Web Donation","hbi-berbagi.com","Darurat pangan : Warga Palestina Jalani hari dengan Perut Kosong","1017806","2232742","51","19956","98449","103659","513","513","105","","53","","26","25","","","",""
"3/8/2026 7:04:10","3/6/2026","Akun 1","META","CONVERSION","Web Donation","hbi-berbagi.com","Darurat pangan : Warga Palestina Jalani hari dengan Perut Kosong","1464677","1545414","32","45771","119082","128682","679","679","119","","37","","19","13","","","",""
"3/9/2026 11:11:40","3/7/2026","Akun 1","META","CONVERSION","Web Donation","hbi-berbagi.com","Darurat pangan : Warga Palestina Jalani hari dengan Perut Kosong","1198217","1608694","36","33283","82565","88004","442","442","102","","36","","18","18","","","",""
"3/9/2026 11:28:46","3/8/2026","Akun 1","META","CONVERSION","Web Donation","hbi-berbagi.com","Darurat pangan : Warga Palestina Jalani hari dengan Perut Kosong","1240289","1910394","29","42786","85548","92344","477","477","91","","30","","18","11","","","",""
"3/10/2026 9:58:33","3/9/2026","Akun 1","META","CONVERSION","Web Donation","hbi-berbagi.com","Darurat pangan : Warga Palestina Jalani hari dengan Perut Kosong","683268","1107521","18","37959","51743","55456","243","243","53","","22","","13","5","","","",""
"3/12/2026 11:18:42","3/10/2026","JS, Akun 1","META","CONVERSION","Web Donation","hbi-berbagi.com","Darurat pangan : Warga Palestina Jalani hari dengan Perut Kosong","82700","","","","","","","","","","","","","","","","",""
"3/12/2026 11:26:01","3/11/2026","JS, Akun 1","META","CONVERSION","Web Donation","hbi-berbagi.com","Darurat pangan : Warga Palestina Jalani hari dengan Perut Kosong","406321","1053607","13","31255","18013","18767","114","107","25","","13","","7","6","","","",""
"3/13/2026 9:46:57","3/12/2026","JS, Akun 1","META","CONVERSION","Web Donation","hbi-berbagi.com","Darurat pangan : Warga Palestina Jalani hari dengan Perut Kosong","606854","1305741","21","28897","46865","50512","256","256","48","","21","","12","9","","","",""
"3/14/2026 12:01:29","3/13/2026","Akun 1","META","CONVERSION","Web Donation","hbi-berbagi.com","Darurat pangan : Warga Palestina Jalani hari dengan Perut Kosong","773533","1455028","23","33631","55577","62134","360","352","65","","23","","11","12","","","",""
"3/16/2026 10:18:33","3/14/2026","JS, Akun 1","META","CONVERSION","Web Donation","hbi-berbagi.com","Darurat pangan : Warga Palestina Jalani hari dengan Perut Kosong","1259814","3099980","49","25710","93633","97443","551","530","102","","52","","34","15","","","",""
"3/16/2026 10:39:10","3/15/2026","JS, Akun 1","META","CONVERSION","Web Donation","hbi-berbagi.com","Darurat pangan : Warga Palestina Jalani hari dengan Perut Kosong","543512","855928","15","36234","50335","53141","296","296","46","","16","","11","4","","","",""
"3/17/2026 10:39:41","3/16/2026","JS, Akun 1","META","CONVERSION","Web Donation","hbi-berbagi.com","Darurat pangan : Warga Palestina Jalani hari dengan Perut Kosong","399595","452431","7","57085","34321","35385","164","164","24","","7","","4","3","","","",""
"3/18/2026 10:36:46","3/17/2026","JS, Akun 1","META","CONVERSION","Web Donation","hbi-berbagi.com","Darurat pangan : Warga Palestina Jalani hari dengan Perut Kosong","523700","704000","10","52370","32505","34413","158","133","23","","10","","8","2","","","",""
"3/30/2026 16:01:11","3/18/2026","JS, Akun 1","META","CONVERSION","Web Donation","hbi-berbagi.com","Darurat pangan : Warga Palestina Jalani hari dengan Perut Kosong","732528","1308051","26","28174","60067","63818","306","256","54","","26","","15","11","","","",""
"3/31/2026 9:50:12","3/19/2026","JS, Akun 1","META","CONVERSION","Web Donation","hbi-berbagi.com","Darurat pangan : Warga Palestina Jalani hari dengan Perut Kosong","448703","655152","14","32050","47700","48734","246","182","32","","14","","8","6","","","",""
"3/31/2026 10:01:25","3/20/2026","JS, Akun 1","META","CONVERSION","Web Donation","hbi-berbagi.com","Darurat pangan : Warga Palestina Jalani hari dengan Perut Kosong","839394","1005166","24","34974","79658","84789","374","372","64","","24","","13","11","","","",""
"3/31/2026 10:06:46","3/21/2026","JS, Akun 1","META","CONVERSION","Web Donation","hbi-berbagi.com","Darurat pangan : Warga Palestina Jalani hari dengan Perut Kosong","879980","489511","12","73331","83085","92283","425","340","48","","12","","8","4","","","",""
"3/31/2026 10:11:09","3/22/2026","JS, Akun 1","META","CONVERSION","Web Donation","hbi-berbagi.com","Darurat pangan : Warga Palestina Jalani hari dengan Perut Kosong","280920","201084","8","35115","32252","32924","155","140","26","","8","","2","6","","","",""
"3/31/2026 10:25:14","3/23/2026","JS, Akun 1","META","CONVERSION","Web Donation","hbi-berbagi.com","Darurat pangan : Warga Palestina Jalani hari dengan Perut Kosong","290334","151257","7","41476","29909","32503","160","156","25","","7","","2","5","","","",""
"3/31/2026 10:30:27","3/24/2026","JS, Akun 1","META","CONVERSION","Web Donation","hbi-berbagi.com","Darurat pangan : Warga Palestina Jalani hari dengan Perut Kosong","446457","150830","5","89291","24814","26201","165","146","17","","5","","2","3","","","",""
"3/31/2026 10:38:08","3/25/2026","JS, Akun 1","META","CONVERSION","Web Donation","hbi-berbagi.com","Darurat pangan : Warga Palestina Jalani hari dengan Perut Kosong","431646","351835","7","61663","31956","33788","189","173","21","","7","","4","3","","","",""
"3/31/2026 10:40:58","3/26/2026","JS, Akun 1","META","CONVERSION","Web Donation","hbi-berbagi.com","Darurat pangan : Warga Palestina Jalani hari dengan Perut Kosong","36547","","","","","","","","","","","","","","","","",""
"3/31/2026 10:45:41","3/27/2026","JS, Akun 1","META","CONVERSION","Web Donation","hbi-berbagi.com","Darurat pangan : Warga Palestina Jalani hari dengan Perut Kosong","189085","388427","7","27012","3942","4069","30","30","9","","7","","6","1","","","",""
"4/1/2026 9:49:24","3/31/2026","JS, Akun 1","META","CONVERSION","Web Donation","hbi-berbagi.com","Darurat pangan : Warga Palestina Jalani hari dengan Perut Kosong","463813","5842794","17","27283","16058","17612","154","154","37","","17","","12","5","","","",""
"4/6/2026 9:44:41","4/1/2026","JS, Akun 1","META","CONVERSION","Web Donation","hbi-berbagi.com","Darurat pangan : Warga Palestina Jalani hari dengan Perut Kosong","240136","85698","5","48027","7712","8033","54","54","11","","5","","2","3","","","",""
"4/6/2026 9:49:54","4/2/2026","JS, Akun 1","META","CONVERSION","Web Donation","hbi-berbagi.com","Darurat pangan : Warga Palestina Jalani hari dengan Perut Kosong","321342","50862","2","160671","10726","12963","64","60","8","","2","","1","1","","","",""
"4/6/2026 9:54:00","4/3/2026","JS, Akun 1","META","CONVERSION","Web Donation","hbi-berbagi.com","Darurat pangan : Warga Palestina Jalani hari dengan Perut Kosong","498006","1007558","21","23714","22259","25066","165","153","40","","21","","14","7","","","",""
"4/6/2026 10:31:21","4/4/2026","JS, Akun 1","META","CONVERSION","Web Donation","hbi-berbagi.com","Darurat pangan : Warga Palestina Jalani hari dengan Perut Kosong","852908","1103611","23","37082","35472","37853","261","222","51","","23","","10","13","","","",""
"4/10/2026 11:00:03","4/5/2026","JS, Akun 1","META","CONVERSION","Web Donation","hbi-berbagi.com","Darurat pangan : Warga Palestina Jalani hari dengan Perut Kosong","588921","","","","20299","21863","144","130","","","","","","","","","",""
"4/10/2026 11:04:08","4/6/2026","JS, Akun 1","META","CONVERSION","Web Donation","hbi-berbagi.com","Darurat pangan : Warga Palestina Jalani hari dengan Perut Kosong","94927","","","","3857","3857","39","37","1","","","","","","","","",""
"4/10/2026 11:08:57","4/7/2026","JS, Akun 1","META","CONVERSION","Web Donation","hbi-berbagi.com","Darurat pangan : Warga Palestina Jalani hari dengan Perut Kosong","199119","","","","6366","6854","42","42","7","","1","","","1","","","",""
"4/10/2026 11:27:11","4/9/2026","Sodaraku.org","META","CONVERSION","Web Donation","sodaraku.org","Selamatkan Aisyah : anak ojol pengidap 8 penyakit kronis","338012","455000","12","28167","19710","22440","212","151","29","13","12","12","12","","","","",""
"4/11/2026 10:08:39","4/10/2026","Sodaraku.org","META","CONVERSION","Web Donation","sodaraku.org","Selamatkan Aisyah : anak ojol pengidap 8 penyakit kronis","242840","350000","9","26982","17346","18927","245","219","32","12","9","12","8","1","","","",""
"4/14/2026 10:30:21","4/11/2026","Sodaraku.org","META","CONVERSION","Web Donation","sodaraku.org","Selamatkan Aisyah : anak ojol pengidap 8 penyakit kronis","77547","","","","8063","8500","47","34","2","1","","","","","","","",""
"4/14/2026 10:36:32","4/12/2026","Sodaraku.org","META","CONVERSION","Web Donation","sodaraku.org","Selamatkan Aisyah : anak ojol pengidap 8 penyakit kronis","311956","500000","6","51992","46277","49323","322","210","23","9","6","6","6","","","","",""
"4/14/2026 10:42:23","4/13/2026","Sodaraku.org","META","CONVERSION","Web Donation","sodaraku.org","Selamatkan Aisyah : anak ojol pengidap 8 penyakit kronis","260855","300000","6","43475","27890","29509","188","140","17","7","6","6","6","","","","",""
"4/15/2026 9:31:55","4/14/2026","Sodaraku.org","META","CONVERSION","Web Donation","sodaraku.org","Selamatkan Aisyah : anak ojol pengidap 8 penyakit kronis","117891","170000","4","29472","6299","6744","61","55","7","7","4","5","4","","","","",""
"4/18/2026 9:31:21","4/15/2026","Sodaraku.org","META","CONVERSION","Web Donation","sodaraku.org","Selamatkan Aisyah : anak ojol pengidap 8 penyakit kronis","152070","410000","","","10276","11046","65","55","2","1","","","","","","","",""
"4/18/2026 9:37:54","4/16/2026","Sodaraku.org","META","CONVERSION","Web Donation","sodaraku.org","Selamatkan Aisyah : anak ojol pengidap 8 penyakit kronis","488017","410000","9","54224","33350","38092","304","218","21","14","9","14","9","","","","",""
"4/18/2026 9:47:25","4/17/2026","Sodaraku.org","META","CONVERSION","Web Donation","sodaraku.org","Selamatkan Aisyah : anak ojol pengidap 8 penyakit kronis","113703","150000","3","37901","6333","6371","50","50","10","4","3","4","3","","","","",""
"4/20/2026 9:02:12","4/18/2026","Sodaraku.org","META","CONVERSION","Web Donation","sodaraku.org","Selamatkan Aisyah : anak ojol pengidap 8 penyakit kronis","96552","85000","2","48276","6106","6234","36","36","2","2","2","2","2","","","","",""
"4/23/2026 10:20:51","4/22/2026","EVPO-HBI X SH HKM-1","META","CONVERSION","Web Donation","Sharinghappiness.org","Wajah hancur dan melepuh-bantu ana agar sembuh kembali","216839","545428","22","9856","5105","6794","84","70","","","22","20","22","1","22","","",""
"4/24/2026 10:19:48","4/23/2026","EVPO-HBI X SH HKM-1","META","CONVERSION","Web Donation","Sharinghappiness.org","Wajah hancur dan melepuh-bantu ana agar sembuh kembali","301354","597804","19","31463","8993","10469","124","100","","","26","27","19","7","19","","",""
"4/25/2026 8:48:51","4/24/2026","EVPO-HBI X SH HKM-1","META","CONVERSION","Web Donation","Sharinghappiness.org","Wajah hancur dan melepuh-bantu ana agar sembuh kembali","285797","570000","21","13609","5427","6713","76","76","","","25","25","21","4","21","","",""
"4/27/2026 10:43:23","4/25/2026","EVPO-HBI X SH HKM-1","META","CONVERSION","Web Donation","Sharinghappiness.org","Wajah hancur dan melepuh-bantu ana agar sembuh kembali","188193","197000","7","26884","8005","8696","66","59","","","10","10","7","2","7","","",""
"4/29/2026 10:15:16","4/26/2026","EVPO-HBI X SH HKM-1","META","CONVERSION","Web Donation","Sharinghappiness.org","Wajah hancur dan melepuh-bantu ana agar sembuh kembali","213747","125253","9","23749","6257","7114","78","78","14","","14","14","9","2","9","","",""
"4/29/2026 10:21:40","4/27/2026","EVPO-HBI X SH HKM-1","META","CONVERSION","Web Donation","Sharinghappiness.org","Wajah hancur dan melepuh-bantu ana agar sembuh kembali","340290","475000","12","21001","5092","5676","76","63","","","12","12","12","3","12","","",""
"4/29/2026 10:34:51","4/28/2026","EVPO-HBI X SH HKM-1","META","CONVERSION","Web Donation","Sharinghappiness.org","Wajah hancur dan melepuh-bantu ana agar sembuh kembali","160250","","","","1216","1335","20","20","","","1","1","","","","","",""
"5/16/2026 10:44:09","5/5/2026","Sodaraku.org","META","CONVERSION","Web Donation","Amalsholeh.com","Selamatkan Anak-anak Palestina dari Ancaman Kelaparan","317708","210000","8","39713","7074","8495","46","34","11","8","8","","8","","","8","",""
"5/16/2026 10:49:09","5/6/2026","Sodaraku.org","META","CONVERSION","Web Donation","Amalsholeh.com","Selamatkan Anak-anak Palestina dari Ancaman Kelaparan","169753","10000","1","169753","2370","2605","16","1","1","1","1","","1","","","1","",""
"5/16/2026 10:57:49","5/1/2026","Akun 1","META","CONVERSION","Web Donation","hbi-berbagi.com","#Tunaikan Qurban hingga Pelosok Negeri","148135","","","","2824","3839","48","13","","","","","","","","","",""
"5/16/2026 11:00:05","5/2/2026","Akun 1","META","CONVERSION","Web Donation","hbi-berbagi.com","#Tunaikan Qurban hingga Pelosok Negeri","6003","","","","155","174","","","","","","","","","","","",""
"5/16/2026 11:07:12","5/5/2026","Akun 1","META","CONVERSION","Web Donation","hbi-berbagi.com","#Tunaikan Qurban hingga Pelosok Negeri","91454","","","","2822","3447","53","44","1","","","","","","","","",""
"5/16/2026 11:23:15","5/6/2026","Akun 1","META","CONVERSION","Web Donation","hbi-berbagi.com","#Tunaikan Qurban hingga Pelosok Negeri","5746","","","","375","422","","","","","","","","","","","",""
"5/16/2026 11:29:07","5/6/2026","Akun 1","META","CONVERSION","Web Donation","hbi-berbagi.com","Darurat pangan : Warga Palestina Jalani hari dengan Perut Kosong","138761","","","","29170","30182","223","177","1","","","","","","","","",""
"5/16/2026 11:35:07","5/9/2026","Akun 1","META","CONVERSION","Web Donation","hbi-berbagi.com","Selamatkan Anak-anak Palestina dari Ancaman Gizi buruk","271876","","","","5609","6454","565","565","16","","1","","","","","","",""
"5/16/2026 11:42:18","5/10/2026","Akun 1","META","CONVERSION","Web Donation","hbi-berbagi.com","Selamatkan Anak-anak Palestina dari Ancaman Gizi buruk","309177","286779","6","51529","5064","5426","46","46","17","","6","","4","2","","","",""
"5/16/2026 11:47:31","5/11/2026","Akun 1","META","CONVERSION","Web Donation","hbi-berbagi.com","Selamatkan Anak-anak Palestina dari Ancaman Gizi buruk","270167","502402","4","67541","6253","6763","36","36","8","","4","","4","","","","",""
"5/16/2026 11:51:53","5/12/2026","Akun 1","META","CONVERSION","Web Donation","hbi-berbagi.com","Selamatkan Anak-anak Palestina dari Ancaman Gizi buruk","313799","602081","10","31379","8041","8668","60","60","20","","10","","6","4","","","",""
"5/16/2026 12:30:48","5/13/2026","Akun 1","META","CONVERSION","Web Donation","hbi-berbagi.com","Selamatkan Anak-anak Palestina dari Ancaman Gizi buruk","308201","101594","5","61640","9711","10626","45","45","10","","5","","2","3","","","",""
"5/16/2026 12:46:41","5/14/2026","Akun 1","META","CONVERSION","Web Donation","hbi-berbagi.com","Selamatkan Anak-anak Palestina dari Ancaman Gizi buruk","241626","302235","4","60406","7599","8522","49","49","5","","4","","4","","","","",""
"5/16/2026 12:51:36","5/15/2026","Akun 1","META","CONVERSION","Web Donation","hbi-berbagi.com","Selamatkan Anak-anak Palestina dari Ancaman Gizi buruk","186822","651948","5","37364","4327","4915","32","32","8","","6","","3","2","","","",""
"5/21/2026 18:58:28","5/16/2026","Akun 1","META","CONVERSION","Web Donation","hbi-berbagi.com","Selamatkan Anak-anak Palestina dari Ancaman Gizi buruk","70191","85359","3","23397","1328","1400","13","13","3","","3","","2","1","","","",""
"5/21/2026 19:03:31","5/16/2026","JS","META","CONVERSION","Web Donation","hbi-berbagi.com","Selamatkan Anak-anak Palestina dari Ancaman Gizi buruk","276721","","","","2052","2363","17","17","3","","","","","","","","",""
"5/21/2026 19:15:51","5/17/2026","JS, Akun 1","META","CONVERSION","Web Donation","hbi-berbagi.com","Selamatkan Anak-anak Palestina dari Ancaman Gizi buruk","515810","488221","7","73687","6518","7187","78","78","12","","7","","5","2","","","",""
"5/21/2026 19:23:18","5/18/2026","JS, Akun 1","META","CONVERSION","Web Donation","hbi-berbagi.com","Selamatkan Anak-anak Palestina dari Ancaman Gizi buruk","345433","201685","5","69086","3216","3722","150","137","10","","5","","3","2","","","",""
"5/21/2026 19:38:13","5/19/2026","JS, Akun 1","META","CONVERSION","Web Donation","hbi-berbagi.com","Selamatkan Anak-anak Palestina dari Ancaman Gizi buruk","522473","402733","5","104494","5941","6318","67","62","9","","5","","5","","","","",""
"5/21/2026 19:44:51","5/20/2026","JS, Akun 1","META","CONVERSION","Web Donation","hbi-berbagi.com","Selamatkan Anak-anak Palestina dari Ancaman Gizi buruk","200342","50435","1","200342","1155","1205","42","42","4","","1","","1","","","","",""
"5/22/2026 9:23:46","5/21/2026","JS, Akun 1","META","CONVERSION","Web Donation","hbi-berbagi.com","Selamatkan Anak-anak Palestina dari Ancaman Gizi buruk","312071","302371","5","62414","2323","2406","46","43","5","","5","","4","1","","","",""
"5/22/2026 9:30:10","5/10/2026","Khusus Campaign Jariyah","META","CONVERSION","Web Donation","hbi-berbagi.com","#Tunaikan Qurban hingga Pelosok Negeri","169050","","","","2781","3296","105","96","3","","","","","","","","",""
"5/22/2026 9:32:45","5/11/2026","Khusus Campaign Jariyah","META","CONVERSION","Web Donation","hbi-berbagi.com","#Tunaikan Qurban hingga Pelosok Negeri","87635","","","","2994","3526","18","16","1","","","","","","","","",""
"5/22/2026 9:41:16","5/12/2026","Khusus Campaign Jariyah","META","CONVERSION","Web Donation","hbi-berbagi.com","#Tunaikan Qurban hingga Pelosok Negeri","191438","","","","4248","5306","107","97","2","","","","","","","","",""
"5/22/2026 9:44:50","5/13/2026","Khusus Campaign Jariyah","META","CONVERSION","Web Donation","hbi-berbagi.com","#Tunaikan Qurban hingga Pelosok Negeri","131298","","","","2130","2434","28","26","1","","","","","","","","",""
"6/11/2026 9:20:51","6/5/2026","EVPO-BM-OBIANSYAH-1","META","CONVERSION","Web Donation","sodaraku.org","Wajahnya bolong : tasyha butuh operasi segera !","298026","255000","5","59605","5352","6768","206","99","12","","5","","5","","","7","",""
"6/12/2026 15:08:07","6/10/2026","EVPO - LAZ HBI HKM-1","META","CONVERSION","Web Donation","hbi-berbagi.com","Wajahnya bolong : selamatkan tasyha dari penyakit mematikan","319036","575220","11","29003","6095","7200","155","134","22","","11","","8","3","","","",""
"6/12/2026 15:15:08","6/11/2026","EVPO - LAZ HBI HKM-1, EVPO - LAZ HBI HKM-3","META","CONVERSION","Web Donation","hbi-berbagi.com","Wajahnya bolong : selamatkan tasyha dari penyakit mematikan","378295","222873","9","42032","5374","6463","80","75","15","","9","","5","4","","","",""
"6/13/2026 10:48:38","6/12/2026","EVPO - LAZ HBI HKM-1, EVPO - LAZ HBI HKM-3","META","CONVERSION","Web Donation","hbi-berbagi.com","Wajahnya bolong : selamatkan tasyha dari penyakit mematikan","326205","238808","5","65241","5552","6109","84","63","12","","5","","5","","","","",""
"6/14/2026 19:39:30","6/13/2026","EVPO - LAZ HBI HKM-1, EVPO - LAZ HBI HKM-3","META","CONVERSION","Web Donation","hbi-berbagi.com","Wajahnya bolong : selamatkan tasyha dari penyakit mematikan","536347","511092","12","44695","9855","11207","162","114","20","","12","","9","3","","","",""
"6/15/2026 13:27:04","6/14/2026","EVPO - LAZ HBI HKM-1, EVPO - LAZ HBI HKM-3","META","CONVERSION","Web Donation","hbi-berbagi.com","Wajahnya bolong : selamatkan tasyha dari penyakit mematikan","299410","444047","14","21386","4052","4985","123","111","20","","14","","9","5","","","",""
"6/17/2026 8:55:40","6/15/2026","EVPO - LAZ HBI HKM-1, EVPO - LAZ HBI HKM-3","META","CONVERSION","Web Donation","hbi-berbagi.com","Wajahnya bolong : selamatkan tasyha dari penyakit mematikan","277661","172836","5","55532","2026","2851","133","116","10","","5","","4","1","","","",""
"6/17/2026 9:10:36","6/16/2026","EVPO - LAZ HBI HKM-1, EVPO - LAZ HBI HKM-3","META","CONVERSION","Web Donation","hbi-berbagi.com","Wajahnya bolong : selamatkan tasyha dari penyakit mematikan","201710","572087","7","28815","1360","1997","153","138","18","","7","","7","","","","",""
"6/22/2026 14:10:08","6/17/2026","EVPO - LAZ HBI HKM-1","META","CONVERSION","Web Donation","hbi-berbagi.com","Wajahnya bolong : selamatkan tasyha dari penyakit mematikan","10060","50404","1","10060","71","86","3","3","1","","1","","1","","","","",""
"6/24/2026 11:12:48","6/18/2026","EVPO - LAZ HBI HKM-1","META","CONVERSION","Web Donation","hbi-berbagi.com","Wajahnya bolong : selamatkan tasyha dari penyakit mematikan","443","","","","9","9","1","1","","","","","","","","","",""
"6/24/2026 11:20:07","6/19/2026","EVPO - LAZ HBI HKM-1","META","CONVERSION","Web Donation","hbi-berbagi.com","Selamatkan Anak-anak Palestina dari Ancaman Gizi buruk","192173","301811","3","64057","8765","10525","177","3","3","","3","","2","","","","",""
"6/24/2026 11:26:51","6/20/2026","EVPO - LAZ HBI HKM-1","META","CONVERSION","Web Donation","hbi-berbagi.com","Selamatkan Anak-anak Palestina dari Ancaman Gizi buruk","44775","","","","1723","1802","17","2","1","","","","","","","","",""
"6/24/2026 11:32:30","6/21/2026","EVPO-HBI X SH HKM-1","META","CONVERSION","Web Donation","hbi-berbagi.com","Selamatkan Anak-anak Palestina dari Ancaman Gizi buruk","161192","","1","161192","8622","10012","93","4","4","","1","","","","","","",""
"6/24/2026 11:55:58","6/6/2026","EVPO-BM-OBIANSYAH-1","META","CONVERSION","Web Donation","sodaraku.org","Wajahnya bolong : tasyha butuh operasi segera !","90455","","","","1414","1556","54","33","3","","","","","","","2","",""
"6/24/2026 12:02:57","6/9/2026","EVPO-BM-OBIANSYAH-1","META","CONVERSION","Web Donation","sodaraku.org","Wajahnya bolong : tasyha butuh operasi segera !","103710","140000","4","25927","1119","1258","20","13","6","","4","","4","","","4","",""
"6/25/2026 15:03:22","6/21/2026","EVPO - LAZ HBI HKM-4","META","CONVERSION","Web Donation","sodaraku.org","Wajahnya bolong : tasyha butuh operasi segera !","79517","35000","1","79517","1855","2206","36","29","1","","1","1","","","","1","",""
"6/25/2026 15:06:30","6/22/2026","EVPO - LAZ HBI HKM-4","META","CONVERSION","Web Donation","sodaraku.org","Wajahnya bolong : tasyha butuh operasi segera !","43174","1171000","8","5396","294","335","10","9","9","","5","9","5","3","","5","",""
"","","","","","","","","","","","","","","","","","","","","","","","","",""
"","","","","","","","","","","","","","","","","","","","","","","","","",""
"","","","","","","","","","","","","","","","","","","","","","","","","",""
"","","","","","","","","","","","","","","","","","","","","","","","","",""
"","","","","","","","","","","","","","","","","","","","","","","","","",""
"","","","","","","","","","","","","","","","","","","","","","","","","",""
"","","","","","","","","","","","","","","","","","","","","","","","","",""
"","","","","","","","","","","","","","","","","","","","","","","","","",""
"","","","","","","","","","","","","","","","","","","","","","","","","",""
"","","","","","","","","","","","","","","","","","","","","","","","","",""
"","","","","","","","","","","","","","","","","","","","","","","","","",""
"","","","","","","","","","","","","","","","","","","","","","","","","",""
"","","","","","","","","","","","","","","","","","","","","","","","","",""
"","","","","","","","","","","","","","","","","","","","","","","","","",""
"","","","","","","","","","","","","","","","","","","","","","","","","",""
"","","","","","","","","","","","","","","","","","","","","","","","","",""
"","","","","","","","","","","","","","","","","","","","","","","","","",""
"","","","","","","","","","","","","","","","","","","","","","","","","",""
"","","","","","","","","","","","","","","","","","","","","","","","","",""
"","","","","","","","","","","","","","","","","","","","","","","","","",""
"","","","","","","","","","","","","","","","","","","","","","","","","",""
"","","","","","","","","","","","","","","","","","","","","","","","","",""
"","","","","","","","","","","","","","","","","","","","","","","","","",""
"","","","","","","","","","","","","","","","","","","","","","","","","",""
"","","","","","","","","","","","","","","","","","","","","","","","","",""
"","","","","","","","","","","","","","","","","","","","","","","","","",""
"","","","","","","","","","","","","","","","","","","","","","","","","",""
"","","","","","","","","","","","","","","","","","","","","","","","","",""
"","","","","","","","","","","","","","","","","","","","","","","","","",""
"","","","","","","","","","","","","","","","","","","","","","","","","",""
"","","","","","","","","","","","","","","","","","","","","","","","","",""
"","","","","","","","","","","","","","","","","","","","","","","","","",""
"","","","","","","","","","","","","","","","","","","","","","","","","",""
"","","","","","","","","","","","","","","","","","","","","","","","","",""
"","","","","","","","","","","","","","","","","","","","","","","","","",""
"","","","","","","","","","","","","","","","","","","","","","","","","",""
"","","","","","","","","","","","","","","","","","","","","","","","","",""
"","","","","","","","","","","","","","","","","","","","","","","","","",""
"","","","","","","","","","","","","","","","","","","","","","","","","",""
"","","","","","","","","","","","","","","","","","","","","","","","","",""
"","","","","","","","","","","","","","","","","","","","","","","","","",""
"","","","","","","","","","","","","","","","","","","","","","","","","",""
"","","","","","","","","","","","","","","","","","","","","","","","","",""
"","","","","","","","","","","","","","","","","","","","","","","","","",""
"","","","","","","","","","","","","","","","","","","","","","","","","",""
"","","","","","","","","","","","","","","","","","","","","","","","","",""
"","","","","","","","","","","","","","","","","","","","","","","","","",""
"","","","","","","","","","","","","","","","","","","","","","","","","",""
"","","","","","","","","","","","","","","","","","","","","","","","","",""
"","","","","","","","","","","","","","","","","","","","","","","","","",""
"","","","","","","","","","","","","","","","","","","","","","","","","",""
"","","","","","","","","","","","","","","","","","","","","","","","","",""
"","","","","","","","","","","","","","","","","","","","","","","","","",""
"","","","","","","","","","","","","","","","","","","","","","","","","",""
"","","","","","","","","","","","","","","","","","","","","","","","","",""
"","","","","","","","","","","","","","","","","","","","","","","","","",""
"","","","","","","","","","","","","","","","","","","","","","","","","",""
"","","","","","","","","","","","","","","","","","","","","","","","","",""
"","","","","","","","","","","","","","","","","","","","","","","","","",""
"","","","","","","","","","","","","","","","","","","","","","","","","",""
"","","","","","","","","","","","","","","","","","","","","","","","","",""
"","","","","","","","","","","","","","","","","","","","","","","","","",""
"","","","","","","","","","","","","","","","","","","","","","","","","",""
"","","","","","","","","","","","","","","","","","","","","","","","","",""
"","","","","","","","","","","","","","","","","","","","","","","","","",""
"","","","","","","","","","","","","","","","","","","","","","","","","",""
"","","","","","","","","","","","","","","","","","","","","","","","","",""
"","","","","","","","","","","","","","","","","","","","","","","","","",""
"","","","","","","","","","","","","","","","","","","","","","","","","",""
"","","","","","","","","","","","","","","","","","","","","","","","","",""
"","","","","","","","","","","","","","","","","","","","","","","","","",""
"","","","","","","","","","","","","","","","","","","","","","","","","",""
"","","","","","","","","","","","","","","","","","","","","","","","","",""
"","","","","","","","","","","","","","","","","","","","","","","","","",""
"","","","","","","","","","","","","","","","","","","","","","","","","",""
"","","","","","","","","","","","","","","","","","","","","","","","","",""
"","","","","","","","","","","","","","","","","","","","","","","","","",""
"","","","","","","","","","","","","","","","","","","","","","","","","",""
"","","","","","","","","","","","","","","","","","","","","","","","","",""
"","","","","","","","","","","","","","","","","","","","","","","","","",""
"","","","","","","","","","","","","","","","","","","","","","","","","",""
"","","","","","","","","","","","","","","","","","","","","","","","","",""
"","","","","","","","","","","","","","","","","","","","","","","","","",""
"","","","","","","","","","","","","","","","","","","","","","","","","",""
"","","","","","","","","","","","","","","","","","","","","","","","","",""
"","","","","","","","","","","","","","","","","","","","","","","","","",""
"","","","","","","","","","","","","","","","","","","","","","","","","",""
"","","","","","","","","","","","","","","","","","","","","","","","","",""
"","","","","","","","","","","","","","","","","","","","","","","","","",""
"","","","","","","","","","","","","","","","","","","","","","","","","",""
"","","","","","","","","","","","","","","","","","","","","","","","","",""
"","","","","","","","","","","","","","","","","","","","","","","","","",""
"","","","","","","","","","","","","","","","","","","","","","","","","",""
"","","","","","","","","","","","","","","","","","","","","","","","","",""
"","","","","","","","","","","","","","","","","","","","","","","","","",""
"","","","","","","","","","","","","","","","","","","","","","","","","",""
"","","","","","","","","","","","","","","","","","","","","","","","","",""
"","","","","","","","","","","","","","","","","","","","","","","","","",""
"","","","","","","","","","","","","","","","","","","","","","","","","",""
"","","","","","","","","","","","","","","","","","","","","","","","","",""
